{"exact_match": 41.54302670623145, "f1": 55.88630605962498}
