{"exact_match": 55.229846768820785, "f1": 65.64429841034897}
