{"exact_match": 78.29036635006784, "f1": 87.5745372522849}
