{"exact_match": 57.08582834331337, "f1": 65.80043120917776}
