{"exact_match": 54.75715236194278, "f1": 63.423234376328104}
