{"exact_match": 60.77127659574468, "f1": 72.77065383076794}
